{"stats":{"minecraft:custom":{"minecraft:jump":234,"minecraft:time_since_rest":3466,"minecraft:damage_taken":894,"minecraft:damage_dealt":110,"minecraft:crouch_one_cm":24,"minecraft:leave_game":5,"minecraft:sprint_one_cm":21974,"minecraft:play_time":10474,"minecraft:walk_one_cm":21427,"minecraft:time_since_death":2896,"minecraft:deaths":3,"minecraft:sneak_time":19,"minecraft:total_world_time":10474,"minecraft:mob_kills":1,"minecraft:fall_one_cm":10679,"minecraft:fly_one_cm":47579},"minecraft:used":{"minecraft:dirt":16},"minecraft:killed_by":{"minecraft:player":1},"minecraft:picked_up":{"minecraft:dirt":16},"minecraft:mined":{"minecraft:short_grass":3}},"DataVersion":3953}