{"stats":{"minecraft:custom":{"minecraft:time_since_rest":6311,"minecraft:sprint_one_cm":106860,"minecraft:damage_taken":2620,"minecraft:walk_one_cm":112561,"minecraft:mob_kills":2,"minecraft:drop":8,"minecraft:damage_dealt":489,"minecraft:swim_one_cm":9087,"minecraft:fly_one_cm":162507,"minecraft:player_kills":1,"minecraft:crouch_one_cm":1568,"minecraft:play_time":40950,"minecraft:deaths":10,"minecraft:sneak_time":355,"minecraft:walk_under_water_one_cm":959,"minecraft:jump":922,"minecraft:leave_game":7,"minecraft:walk_on_water_one_cm":4404,"minecraft:time_since_death":6270,"minecraft:total_world_time":40950,"minecraft:fall_one_cm":40443},"minecraft:killed":{"minecraft:sheep":1,"minecraft:spider":1},"minecraft:killed_by":{"minecraft:spider":3,"minecraft:zombie":1},"minecraft:used":{"minecraft:oak_log":1,"minecraft:poppy":32,"minecraft:rotten_flesh":2,"minecraft:dirt":39,"minecraft:mutton":2,"minecraft:dandelion":18,"minecraft:pumpkin":1},"minecraft:picked_up":{"minecraft:pumpkin":1,"minecraft:dandelion":18,"minecraft:oak_log":1,"minecraft:string":5,"minecraft:dirt":41,"minecraft:arrow":2,"minecraft:bone":2,"minecraft:rotten_flesh":2,"minecraft:wheat_seeds":6,"minecraft:poppy":32,"minecraft:mutton":2,"minecraft:black_wool":2},"minecraft:dropped":{"minecraft:wheat_seeds":6,"minecraft:string":5,"minecraft:black_wool":1},"minecraft:mined":{"minecraft:seagrass":1,"minecraft:tall_seagrass":4,"minecraft:dandelion":18,"minecraft:pumpkin":1,"minecraft:short_grass":37,"minecraft:grass_block":21,"minecraft:oak_log":1,"minecraft:poppy":32,"minecraft:dirt":21,"minecraft:tall_grass":6,"minecraft:oak_leaves":1}},"DataVersion":3953}