{
  "minecraft:recipes/decorations/crafting_table": {
    "criteria": {
      "unlock_right_away": "2024-09-18 02:15:36 +0000"
    },
    "done": true
  },
  "minecraft:adventure/adventuring_time": {
    "criteria": {
      "minecraft:ocean": "2024-09-18 02:21:15 +0000",
      "minecraft:stony_shore": "2024-09-18 02:15:37 +0000",
      "minecraft:plains": "2024-09-18 02:17:39 +0000"
    },
    "done": false
  },
  "minecraft:adventure/root": {
    "criteria": {
      "killed_something": "2024-09-18 02:20:08 +0000"
    },
    "done": true
  },
  "DataVersion": 3953
}